URL,Category
https://www.freshproduce.com/events/the-brazil-conference/,Global Trade
https://www.freshproduce.com/resources/consumer-trends/americans-and-sustainability/,Global Trade
https://www.freshproduce.com/events/the-mexico-conference/,Global Trade
https://www.freshproduce.com/resources/advocacy/trumps-first-100-days/,Global Trade
https://www.freshproduce.com/resources/global-trade/tariff-resources/,Global Trade
https://www.freshproduce.com/resources/Commodities/international-retail-point-of-sale-data/,Global Trade
https://www.freshproduce.com/resources/supply-chain-management/global-market-access/,Global Trade
https://www.freshproduce.com/resources/global-trade/mexico-exports-to-us/,Global Trade
https://www.freshproduce.com/resources/Commodities/global-table-grape-shipment-data/,Global Trade
https://www.freshproduce.com/resources/Commodities/top-fresh-produce-commodity-profiles/,Global Trade
https://www.freshproduce.com/resources/global-trade/how-to-export-cut-flowers-from-mexico-to-the-us/,Global Trade
https://www.freshproduce.com/resources/supply-chain-management/fsma-204-best-practices-webinar/,Global Trade
https://www.freshproduce.com/resources/global-trade/reportes-anuales-y-analisis-de-productos-que-mexico-exporta-a-estados-unidos/,Global Trade
https://www.freshproduce.com/resources/retail/international-retail-marketshare-guides/,Global Trade
https://www.freshproduce.com/resources/global-trade/export-guide-japan/,Global Trade
https://www.freshproduce.com/resources/global-trade/export-guide-usa/,Global Trade
https://www.freshproduce.com/resources/global-trade/export-guide-vietnam/,Global Trade
https://www.freshproduce.com/resources/global-trade/como-exportar-frutas-y-vegetales-frescos-de-mexico-a-estados-unidos/,Global Trade
https://www.freshproduce.com/resources/global-trade/how-to-export-mexican-fresh-produce-to-the-us/,Global Trade
https://www.freshproduce.com/resources/global-trade/the-european-green-deal-overview-and-implications-for-produce/,Global Trade
https://www.freshproduce.com/resources/global-trade/southeast-asias-fresh-produce-trade/,Global Trade
https://www.freshproduce.com/resources/global-trade/who-supplies-the-middle-easts-increasing-demand-for-fresh-produce/,Global Trade
https://www.freshproduce.com/resources/global-trade/2021-fresh-produce-retail-in-china/,Global Trade
https://www.freshproduce.com/resources/technology/takes-on-tech-podcast/episode-118-behind-the-scenes-of-produce-policy/,Technology
https://www.freshproduce.com/resources/technology/takes-on-tech-podcast/episode-117-the-future-of-agtech/,Technology
https://www.freshproduce.com/resources/technology/takes-on-tech-podcast/episode-116-innovating-produce-supply-chains/,Technology
https://www.freshproduce.com/resources/technology/takes-on-tech-podcast/episode-115advancing-fresh-produce-preservation/,Technology
https://www.freshproduce.com/resources/technology/takes-on-tech-podcast/episode-113-transforming-pest-control-and-pollination-practices/,Technology
https://www.freshproduce.com/resources/technology/takes-on-tech-podcast/episode-112-environmental-footprint/,Technology
https://www.freshproduce.com/resources/technology/ai-in-the-fresh-produce-industry/,Technology
https://www.freshproduce.com/resources/retail/roots-to-retail-webinar/,Technology
https://www.freshproduce.com/resources/technology/takes-on-tech-podcast/episode-101-sustainable-agriculture-strategies/,Technology
https://www.freshproduce.com/resources/technology/takes-on-tech-podcast/episode-89-nurturing-growth/,Technology
https://www.freshproduce.com/resources/technology/takes-on-tech-podcast/episode-88-cultivating-a-greener-tomorrow/,Technology
https://www.freshproduce.com/resources/technology/takes-on-tech-podcast/episode-87-bayers-commitment-to-regenerative-agriculture-and-climate-smart-solutions/,Technology
https://www.freshproduce.com/resources/technology/takes-on-tech-podcast/episode-84-driscolls-global-commitments/,Technology
https://www.freshproduce.com/resources/technology/takes-on-tech-podcast/episode-83-the-path-to-climate-smart-agriculture/,Technology
https://www.freshproduce.com/resources/technology/takes-on-tech-podcast/episode-82-charting-the-future-of-sustainable-packaging/,Technology
https://www.freshproduce.com/resources/sustainability/climate-resiliency-in-produce-and-floral/,Technology
https://www.freshproduce.com/resources/technology/takes-on-tech-podcast/episode-81-life-cycle-assessments/,Technology
https://www.freshproduce.com/resources/technology/takes-on-tech-podcast/episode-80-compostable-revolution/,Technology
https://www.freshproduce.com/resources/technology/takes-on-tech-podcast/episode-79-redefining-sustainability/,Technology
https://www.freshproduce.com/resources/technology/takes-on-tech-podcast/episode-78-compostable-concerns/,Technology
https://www.freshproduce.com/resources/technology/takes-on-tech-podcast/episode-77-sustainable-packaging/,Technology
https://www.freshproduce.com/resources/technology/opportunities-for-grower-shippers-to-participate-in-usda-climate-smart-pilot-programs/,Technology
https://www.freshproduce.com/resources/technology/opportunities-for-production-input-suppliers-to-participate-in-usda-climate-smart-pilot-programs/,Technology
https://www.freshproduce.com/resources/technology/cybersecurity-in-the-fresh-produce-industry/,Technology
https://www.freshproduce.com/resources/consumer-trends/2024-future-trends-report/,Technology
https://www.freshproduce.com/resources/technology/takes-on-tech-podcast/episode-76-providing-fresh-produce-to-underserved-communities/,Technology
https://www.freshproduce.com/resources/technology/takes-on-tech-podcast/episode-75-multigenerational-produce-industry/,Technology
https://www.freshproduce.com/resources/technology/takes-on-tech-podcast/episode-74-tackling-the-last-mile/,Technology
https://www.freshproduce.com/resources/technology/takes-on-tech-podcast/episode-73-navigating-perishable-logistics/,Technology
https://www.freshproduce.com/resources/technology/takes-on-tech-podcast/episode-72-exploring-the-cutting-edge-world/,Technology
https://www.freshproduce.com/resources/technology/takes-on-tech-podcast/episode-71-the-last-mile/,Technology
https://www.freshproduce.com/resources/technology/fresh-field-catalyst-launch/,Technology
https://www.freshproduce.com/events/virtual-town-hall/2023/the-last-mile/,Technology
https://www.freshproduce.com/resources/technology/takes-on-tech-podcast/episode-70-qualitative-decisions/,Technology
https://www.freshproduce.com/resources/technology/takes-on-tech-podcast/episode-69-tackling-carbon-emissions/,Technology
https://www.freshproduce.com/resources/technology/identifying-winning-cultivars/,Technology
https://www.freshproduce.com/resources/technology/takes-on-tech-podcast/episode-68-live-from-the-global-show-2022-part-four/,Technology
https://www.freshproduce.com/resources/technology/takes-on-tech-podcast/episode-67---live-from-the-global-show-2022-part-three/,Technology
https://www.freshproduce.com/resources/technology/takes-on-tech-podcast/episode-66---live-from-the-global-show-2022-part-two/,Technology
https://www.freshproduce.com/resources/technology/takes-on-tech-podcast/episode-65-live-from-the-global-show-2022/,Technology
https://www.freshproduce.com/resources/technology/takes-on-tech-podcast/episode-64-biotechnology-in-produce/,Technology
https://www.freshproduce.com/resources/technology/takes-on-tech-podcast/episode-63-creating-more-produce/,Technology
https://www.freshproduce.com/resources/technology/takes-on-tech-podcast/episode-62-food-is-medicine/,Technology
https://www.freshproduce.com/resources/technology/takes-on-tech-podcast/episode-61-developing-new-produce-for-consumer-delight-and-nutrition/,Technology
https://www.freshproduce.com/resources/technology/takes-on-tech-podcast/episode-60-back-to-school-with-fresh-produce/,Technology
https://www.freshproduce.com/resources/technology/takes-on-tech-podcast/episode-59-locally-grown-through-vertical-farming/,Technology
https://www.freshproduce.com/resources/technology/takes-on-tech-podcast/episode-58-solving-the-uncertainty-in-farming-with-digital-playbooks/,Technology
https://www.freshproduce.com/resources/technology/takes-on-tech-podcast/episode-57-the-future-of-automation--is-in-the-fields/,Technology
https://www.freshproduce.com/events/virtual-town-hall/2022/Regenerative-Agriculture/,Technology
https://www.freshproduce.com/resources/technology/takes-on-tech-podcast/episode-56-taste-is-king/,Technology
https://www.freshproduce.com/resources/technology/takes-on-tech-podcast/episode-55-traceability-is-crucial-to-the-world-produce-industry/,Technology
https://www.freshproduce.com/resources/technology/takes-on-tech-podcast/episode-54-keeping-things-fresh/,Technology
https://www.freshproduce.com/resources/technology/takes-on-tech-podcast/episode-50-high-yielding-organic-farming/,Technology
https://www.freshproduce.com/resources/technology/takes-on-tech-podcast/episode-49the-harmony-of-regenerative-agriculture/,Technology
https://www.freshproduce.com/resources/technology/takes-on-tech-podcast/episode-48-trust-the-organic-label/,Technology
https://www.freshproduce.com/resources/technology/takes-on-tech-podcast/episode-47-sustainability-in-the-produce-industry/,Technology
https://www.freshproduce.com/resources/technology/takes-on-tech-podcast/episode-46-break-dependence-on-plastics-in-the-food-chain/,Technology
https://www.freshproduce.com/resources/technology/takes-on-tech-podcast/episode-43-how-sustainability-strengthens-your-organization/,Technology
https://www.freshproduce.com/resources/technology/takes-on-tech-podcast/episode-45-how-robotics-and-ai-are-revolutionizing-agriculture/,Technology
https://www.freshproduce.com/resources/technology/takes-on-tech-podcast/episode-44-fighting-food-waste-throughout-the-supply-chains/,Technology
https://www.freshproduce.com/resources/technology/carbon-think-tank-takeaways/,Technology
https://www.freshproduce.com/resources/sustainability/modified-atmosphere-packaging/,Technology
https://www.freshproduce.com/resources/technology/fresh-field-catalyst/,Technology
https://www.freshproduce.com/resources/technology/integrated-pest-management/,Technology
https://www.freshproduce.com/resources/technology/5-themes-at-ces/,Technology
https://www.freshproduce.com/events/virtual-town-hall/2022/science-and-tech-from-ces/,Technology
https://www.freshproduce.com/resources/technology/takes-on-tech-podcast/plentys-link-to-retailers-and-consumers/,Technology
https://www.freshproduce.com/resources/technology/takes-on-tech-podcast/innovations-at-revol-greens/,Technology
https://www.freshproduce.com/resources/technology/takes-on-tech-podcast/tackling-indoor-ag/,Technology
https://www.freshproduce.com/resources/technology/takes-on-tech-podcast/breakthrough-innovations/,Technology
https://www.freshproduce.com/resources/technology/takes-on-tech-podcast/a-journey-in-cea/,Technology
https://www.freshproduce.com/resources/technology/takes-on-tech-podcast/plentys-secret-sauce-for-production/,Technology
https://www.freshproduce.com/resources/technology/takes-on-tech-podcast/conversation-with-jack-bobo/,Technology
https://www.freshproduce.com/resources/technology/takes-on-tech-podcast/future-view-from-the-c-suite-bolthouse-farms/,Technology
https://www.freshproduce.com/resources/technology/takes-on-tech-podcast/carbon-economy/,Technology
https://www.freshproduce.com/resources/technology/takes-on-tech-podcast/,Technology
https://www.freshproduce.com/resources/technology/technology-roadmap/,Technology
https://www.freshproduce.com/resources/technology/takes-on-tech-podcast/using-data-management-platforms-in-the-field/,Technology
https://www.freshproduce.com/resources/technology/takes-on-tech-podcast/tackling-the-carbon-challenge-track-trace-transparency/,Technology
https://www.freshproduce.com/resources/technology/takes-on-tech-podcast/cyber-security-in-agriculture/,Technology
https://www.freshproduce.com/resources/technology/takes-on-tech-podcast/technology-transforming-business-operations/,Technology
https://www.freshproduce.com/resources/technology/takes-on-tech-podcast/gene-editing-the-future/,Technology
https://www.freshproduce.com/resources/technology/takes-on-tech-podcast/a-fireside-chat-with-nate-storey/,Technology
https://www.freshproduce.com/resources/technology/takes-on-tech-podcast/lessons-in-social-license-and-plant-genetics/,Technology
https://www.freshproduce.com/resources/technology/takes-on-tech-podcast/who-is-kalera/,Technology
https://www.freshproduce.com/resources/technology/takes-on-tech-podcast/what-are-biologicals/,Technology
https://www.freshproduce.com/resources/technology/takes-on-tech-podcast/bright-farms-oysters-and-beer-with-paul-lightfoot/,Technology
https://www.freshproduce.com/resources/technology/takes-on-tech-podcast/chile-success-story/,Technology
https://www.freshproduce.com/resources/technology/takes-on-tech-podcast/big-happenings-in-israel-agtech-part-2/,Technology
https://www.freshproduce.com/resources/technology/takes-on-tech-podcast/the-latest-in-agtech-spacs/,Technology
https://www.freshproduce.com/resources/technology/takes-on-tech-podcast/big-happenings-in-israel-agtech-part-1/,Technology
https://www.freshproduce.com/resources/technology/takes-on-tech-podcast/singapores-well-designed-agtech-ecosystem/,Technology
https://www.freshproduce.com/resources/technology/takes-on-tech-podcast/invest-in-the-food-supply-chain/,Technology
https://www.freshproduce.com/resources/food-safety/risk-scoring-for-produce/,Food Safety
https://www.freshproduce.com/resources/consumer-trends/americans-and-sustainability/,Food Safety
https://www.freshproduce.com/resources/food-safety/pfas-in-specialty-crop-production/,Food Safety
https://www.freshproduce.com/resources/consumer-trends/purchasing-behavior/,Food Safety
https://www.freshproduce.com/resources/food-safety/microplastics-and-nanoplastics-in-specialty-crop-production/,Food Safety
https://www.freshproduce.com/resources/consumer-trends/americans-and-the-grocery-store/,Food Safety
https://www.freshproduce.com/resources/consumer-trends/eating-behavior/,Food Safety
https://www.freshproduce.com/resources/consumer-trends/healthy-eating-behavior/,Food Safety
https://www.freshproduce.com/resources/food-safety/evaluacion-de-riesgos-en-productos-frescos/,Food Safety
https://www.freshproduce.com/resources/food-safety/spanish-language-listeria-management-certificate-program/,Food Safety
https://www.freshproduce.com/resources/food-safety/recall-ready-workshop/,Food Safety
https://www.freshproduce.com/resources/food-safety/produce-safety-immersion-program/,Food Safety
https://www.freshproduce.com/resources/food-safety/environmental-monitoring-programs/,Food Safety
https://www.freshproduce.com/resources/food-safety/produce-inspection-training-program/,Food Safety
https://www.freshproduce.com/resources/food-safety/fsma-final-rule-on-pre-harvest-agricultural-water/,Food Safety
https://www.freshproduce.com/resources/advocacy/strengthen-your-knowledge-of-food-safety-nutrition-and-demand-creation/,Food Safety
https://www.freshproduce.com/resources/food-safety/anz-data-driven-decisions/,Food Safety
https://www.freshproduce.com/resources/food-safety/the-importance-of-cold-chain/,Food Safety
https://www.freshproduce.com/resources/food-safety/2023-food-safety-summit-report/,Food Safety
https://www.freshproduce.com/resources/supply-chain-management/implementing-fsma-204-for-wholesalers-and-distributors/,Food Safety
https://www.freshproduce.com/resources/food-safety/fresh-cut-quality-and-safety-training/,Food Safety
https://www.freshproduce.com/resources/food-safety/anz-preparing-for-a-food-safety-audit/,Food Safety
https://www.freshproduce.com/resources/supply-chain-management/fsma-204-resources/,Food Safety
https://www.freshproduce.com/resources/food-safety/california-lgma-food-safety-update/,Food Safety
https://www.freshproduce.com/resources/food-safety/fda-foreign-supplier-verification-program/,Food Safety
https://www.freshproduce.com/resources/food-safety/anz-2024-food-safety-trends/,Food Safety
https://www.freshproduce.com/resources/food-safety/anz-the-challenge-of-food-labelling/,Food Safety
https://www.freshproduce.com/events/virtual-town-hall/2023/food-safety-best-practices-for-cea/,Food Safety
https://www.freshproduce.com/resources/supply-chain-management/getting-started-with-the-food-traceability-rule/,Food Safety
https://www.freshproduce.com/resources/food-safety/pre-harvest-agricultural-water-industry-guidance/,Food Safety
https://www.freshproduce.com/resources/food-safety/anz-food-safety-programs/,Food Safety
https://www.freshproduce.com/resources/supply-chain-management/fsma-204-best-practices-webinar/,Food Safety
https://www.freshproduce.com/events/virtual-town-hall/2023/Recall-Preparedness/,Food Safety
https://www.freshproduce.com/events/virtual-town-hall/2023/berries-and-enteric-virus-outbreaks/,Food Safety
https://www.freshproduce.com/resources/food-safety/dry-sanitation/,Food Safety
https://www.freshproduce.com/resources/food-safety/anz-impact-of-water-quality-webinar/,Food Safety
https://www.freshproduce.com/events/virtual-town-hall/2023/usda-strengthening-organic-enforcement-rule/,Food Safety
https://www.freshproduce.com/events/virtual-town-hall/2023/cyclospora-are-we-making-progress/,Food Safety
https://www.freshproduce.com/resources/consumer-trends/2024-future-trends-report/,Food Safety
https://www.freshproduce.com/events/virtual-town-hall/2023/leafy-green-resiliency/,Food Safety
https://www.freshproduce.com/resources/supply-chain-management/fsma-204-traceability-rules-think-tank/,Food Safety
https://www.freshproduce.com/resources/food-safety/faqs-on-the-importation-of-fresh-produce/,Food Safety
https://www.freshproduce.com/resources/food-safety/anz-validating-food-control-measures/,Food Safety
https://www.freshproduce.com/resources/food-safety/2022-recall-survey/,Food Safety
https://www.freshproduce.com/events/virtual-town-hall/2023/root-cause-analysis/,Food Safety
https://www.freshproduce.com/resources/food-safety/water-treatment-the-label-is-the-law/,Food Safety
https://www.freshproduce.com/resources/food-safety/food-safety-challenges-in-2023/,Food Safety
https://www.freshproduce.com/events/virtual-town-hall/2023/floods-in-california/,Food Safety
https://www.freshproduce.com/resources/food-safety/2022-food-safety-summit/,Food Safety
https://www.freshproduce.com/resources/food-safety/food-safety-fridays/,Food Safety
https://www.freshproduce.com/resources/food-safety/fda-draft-guidance-for-lead-in-baby-foods/,Food Safety
https://www.freshproduce.com/events/virtual-town-hall/2023/Developing-Leaders-in-Food-Safety/,Food Safety
https://www.freshproduce.com/resources/food-safety/fda-foreign-supplier-verification-programs/,Food Safety
https://www.freshproduce.com/resources/food-safety/outbreak-questions-for-regulators/,Food Safety
https://www.freshproduce.com/events/virtual-town-hall/2022/Dry-Sanitation-in-the-Fresh-Produce-Industry/,Food Safety
https://www.freshproduce.com/events/virtual-town-hall/2022/The-National-Organic-Standards-Board/,Food Safety
https://www.freshproduce.com/resources/food-safety/guidelines-for-the-dry-bulb-onion-supply-chain/,Food Safety
https://www.freshproduce.com/events/virtual-town-hall/2022/Global-Pesticide-MRL-Landscape/,Food Safety
https://www.freshproduce.com/resources/sustainability/sustainable-packaging-alternatives/,Food Safety
https://www.freshproduce.com/resources/food-safety/food-safety-trends-2022-part-4/,Food Safety
https://www.freshproduce.com/resources/food-safety/food-safety-trends-2022-part-3/,Food Safety
https://www.freshproduce.com/resources/food-safety/food-safety-trends-2022-part-2/,Food Safety
https://www.freshproduce.com/resources/food-safety/food-safety-trends-2022-part-1/,Food Safety
https://www.freshproduce.com/resources/food-safety/listeria-management-for-the-produce-industry/,Food Safety
https://www.freshproduce.com/events/virtual-town-hall/2022/07132022-produce-safety-research/,Food Safety
https://www.freshproduce.com/events/virtual-town-hall/2022/Putting-the-F-Back-in-FDA/,Food Safety
https://www.freshproduce.com/resources/supply-chain-management/commercial-storage-of-fruits-vegetables-and-floral/,Food Safety
https://www.freshproduce.com/resources/food-safety/reasonably-foreseeable-hazard/,Food Safety
https://www.freshproduce.com/resources/food-safety/history-of-produce-safety/,Food Safety
https://www.freshproduce.com/events/virtual-town-hall/2022/Produce-GAPs-Harmonized-Standard/,Food Safety
https://www.freshproduce.com/resources/food-safety/vendor-assessment-considerations/,Food Safety
https://www.freshproduce.com/events/virtual-town-hall/2022/Decoding-CODEX-and-GFSI/,Food Safety
https://www.freshproduce.com/resources/consumer-trends/industry-insights-panel/,Food Safety
https://www.freshproduce.com/resources/food-safety/food-safety-resources-and-services/,Food Safety
https://www.freshproduce.com/resources/food-safety/cyclospora/,Food Safety
https://www.freshproduce.com/events/virtual-town-hall/2022/Cyclospora/,Food Safety
https://www.freshproduce.com/resources/food-safety/agua-de-uso-agricola-seminario-web/,Food Safety
https://www.freshproduce.com/resources/sustainability/modified-atmosphere-packaging/,Food Safety
https://www.freshproduce.com/resources/food-safety/root-cause-analysis/,Food Safety
https://www.freshproduce.com/resources/food-safety/recall-and-crisis-management/,Food Safety
https://www.freshproduce.com/events/food-safety-training/,Food Safety
https://www.freshproduce.com/resources/food-safety/commodity-specific-resources/,Food Safety
https://www.freshproduce.com/resources/food-safety/standards-for-fresh-produce-in-australia-and-new-zealand/,Food Safety
https://www.freshproduce.com/resources/food-safety/romaine-provenance-labeling/,Food Safety
https://www.freshproduce.com/events/virtual-town-hall/2022/behind-fresh-cut-quality-safety/,Food Safety
https://www.freshproduce.com/membership/the-food-safety--advocacy-fund/,Food Safety
https://www.freshproduce.com/resources/food-safety/fda-fsma-produce-safety-rule/,Food Safety
https://www.freshproduce.com/resources/food-safety/sampling-and-testing/,Food Safety
https://www.freshproduce.com/resources/food-safety/whole-genome-sequencing/,Food Safety
https://www.freshproduce.com/resources/food-safety/listeria-monocytogenes/,Food Safety
https://www.freshproduce.com/resources/supply-chain-management/traceability/,Food Safety
https://www.freshproduce.com/resources/technology/takes-on-tech-podcast/a-fireside-chat-with-nate-storey/,Food Safety
https://www.freshproduce.com/resources/food-safety/the-building-blocks-of-a-food-safety-program/,Food Safety
